postcode,category
1103SE,active
1103SE,arts
1103SE,auto
1103SE,beautysvc
1103SE,bicycles
1103SE,education
1103SE,eventservices
1103SE,financialservices
1103SE,food
1103SE,health
1103SE,homeservices
1103SE,hotelstravel
1103SE,localflavor
1103SE,localservices
1103SE,massmedia
1103SE,nightlife
1103SE,pets
1103SE,professional
1103SE,publicservicesgovt
1103SE,religiousorgs
1103SE,restaurants
1103SE,shopping
1103TV,active
1103TV,arts
1103TV,auto
1103TV,beautysvc
1103TV,bicycles
1103TV,education
1103TV,eventservices
1103TV,financialservices
1103TV,food
1103TV,health
1103TV,homeservices
1103TV,hotelstravel
1103TV,localflavor
1103TV,localservices
1103TV,massmedia
1103TV,nightlife
1103TV,pets
1103TV,professional
1103TV,publicservicesgovt
1103TV,religiousorgs
1103TV,restaurants
1103TV,shopping
1073ST,active
1073ST,arts
1073ST,auto
1073ST,beautysvc
1073ST,bicycles
1073ST,education
1073ST,eventservices
1073ST,financialservices
1073ST,food
1073ST,health
1073ST,homeservices
1073ST,hotelstravel
1073ST,localflavor
1073ST,localservices
1073ST,massmedia
1073ST,nightlife
1073ST,pets
1073ST,professional
1073ST,publicservicesgovt
1073ST,religiousorgs
1073ST,restaurants
1073ST,shopping
1106AG,active
1106AG,arts
1106AG,auto
1106AG,beautysvc
1106AG,bicycles
1106AG,education
1106AG,eventservices
1106AG,financialservices
1106AG,food
1106AG,health
1106AG,homeservices
1106AG,hotelstravel
1106AG,localflavor
1106AG,localservices
1106AG,massmedia
1106AG,nightlife
1106AG,pets
1106AG,professional
1106AG,publicservicesgovt
1106AG,religiousorgs
1106AG,restaurants
1106AG,shopping
1065LW,active
1065LW,arts
1065LW,auto
1065LW,beautysvc
1065LW,bicycles
1065LW,education
1065LW,eventservices
1065LW,financialservices
1065LW,food
1065LW,health
1065LW,homeservices
1065LW,hotelstravel
1065LW,localflavor
1065LW,localservices
1065LW,massmedia
1065LW,nightlife
1065LW,pets
1065LW,professional
1065LW,publicservicesgovt
1065LW,religiousorgs
1065LW,restaurants
1065LW,shopping
1066LK,active
1066LK,arts
1066LK,auto
1066LK,beautysvc
1066LK,bicycles
1066LK,education
1066LK,eventservices
1066LK,financialservices
1066LK,food
1066LK,health
1066LK,homeservices
1066LK,hotelstravel
1066LK,localflavor
1066LK,localservices
1066LK,massmedia
1066LK,nightlife
1066LK,pets
1066LK,professional
1066LK,publicservicesgovt
1066LK,religiousorgs
1066LK,restaurants
1066LK,shopping
1103SC,active
1103SC,arts
1103SC,auto
1103SC,beautysvc
1103SC,bicycles
1103SC,education
1103SC,eventservices
1103SC,financialservices
1103SC,food
1103SC,health
1103SC,homeservices
1103SC,hotelstravel
1103SC,localflavor
1103SC,localservices
1103SC,massmedia
1103SC,nightlife
1103SC,pets
1103SC,professional
1103SC,publicservicesgovt
1103SC,religiousorgs
1103SC,restaurants
1103SC,shopping
1015RR,active
1015RR,arts
1015RR,auto
1015RR,beautysvc
1015RR,bicycles
1015RR,education
1015RR,eventservices
1015RR,financialservices
1015RR,food
1015RR,health
1015RR,homeservices
1015RR,hotelstravel
1015RR,localflavor
1015RR,localservices
1015RR,massmedia
1015RR,nightlife
1015RR,pets
1015RR,professional
1015RR,publicservicesgovt
1015RR,religiousorgs
1015RR,restaurants
1015RR,shopping
1058VG,active
1058VG,arts
1058VG,auto
1058VG,beautysvc
1058VG,bicycles
1058VG,education
1058VG,eventservices
1058VG,financialservices
1058VG,food
1058VG,health
1058VG,homeservices
1058VG,hotelstravel
1058VG,localflavor
1058VG,localservices
1058VG,massmedia
1058VG,nightlife
1058VG,pets
1058VG,professional
1058VG,publicservicesgovt
1058VG,religiousorgs
1058VG,restaurants
1058VG,shopping
1078LM,active
1078LM,arts
1078LM,auto
1078LM,beautysvc
1078LM,bicycles
1078LM,education
1078LM,eventservices
1078LM,financialservices
1078LM,food
1078LM,health
1078LM,homeservices
1078LM,hotelstravel
1078LM,localflavor
1078LM,localservices
1078LM,massmedia
1078LM,nightlife
1078LM,pets
1078LM,professional
1078LM,publicservicesgovt
1078LM,religiousorgs
1078LM,restaurants
1078LM,shopping
1103GZ,active
1103GZ,arts
1103GZ,auto
1103GZ,beautysvc
1103GZ,bicycles
1103GZ,education
1103GZ,eventservices
1103GZ,financialservices
1103GZ,food
1103GZ,health
1103GZ,homeservices
1103GZ,hotelstravel
1103GZ,localflavor
1103GZ,localservices
1103GZ,massmedia
1103GZ,nightlife
1103GZ,pets
1103GZ,professional
1103GZ,publicservicesgovt
1103GZ,religiousorgs
1103GZ,restaurants
1103GZ,shopping
1072BW,active
1072BW,arts
1072BW,auto
1072BW,beautysvc
1072BW,bicycles
1072BW,education
1072BW,eventservices
1072BW,financialservices
1072BW,food
1072BW,health
1072BW,homeservices
1072BW,hotelstravel
1072BW,localflavor
1072BW,localservices
1072BW,massmedia
1072BW,nightlife
1072BW,pets
1072BW,professional
1072BW,publicservicesgovt
1072BW,religiousorgs
1072BW,restaurants
1072BW,shopping
1063MD,active
1063MD,arts
1063MD,auto
1063MD,beautysvc
1063MD,bicycles
1063MD,education
1063MD,eventservices
1063MD,financialservices
1063MD,food
1063MD,health
1063MD,homeservices
1063MD,hotelstravel
1063MD,localflavor
1063MD,localservices
1063MD,massmedia
1063MD,nightlife
1063MD,pets
1063MD,professional
1063MD,publicservicesgovt
1063MD,religiousorgs
1063MD,restaurants
1063MD,shopping
1058NL,active
1058NL,arts
1058NL,auto
1058NL,beautysvc
1058NL,bicycles
1058NL,education
1058NL,eventservices
1058NL,financialservices
1058NL,food
1058NL,health
1058NL,homeservices
1058NL,hotelstravel
1058NL,localflavor
1058NL,localservices
1058NL,massmedia
1058NL,nightlife
1058NL,pets
1058NL,professional
1058NL,publicservicesgovt
1058NL,religiousorgs
1058NL,restaurants
1058NL,shopping
1017VK,active
1017VK,arts
1017VK,auto
1017VK,beautysvc
1017VK,bicycles
1017VK,education
1017VK,eventservices
1017VK,financialservices
1017VK,food
1017VK,health
1017VK,homeservices
1017VK,hotelstravel
1017VK,localflavor
1017VK,localservices
1017VK,massmedia
1017VK,nightlife
1017VK,pets
1017VK,professional
1017VK,publicservicesgovt
1017VK,religiousorgs
1017VK,restaurants
1017VK,shopping
1034BM,active
1034BM,arts
1034BM,auto
1034BM,beautysvc
1034BM,bicycles
1034BM,education
1034BM,eventservices
1034BM,financialservices
1034BM,food
1034BM,health
1034BM,homeservices
1034BM,hotelstravel
1034BM,localflavor
1034BM,localservices
1034BM,massmedia
1034BM,nightlife
1034BM,pets
1034BM,professional
1034BM,publicservicesgovt
1034BM,religiousorgs
1034BM,restaurants
1034BM,shopping
1106JG,active
1106JG,arts
1106JG,auto
1106JG,beautysvc
1106JG,bicycles
1106JG,education
1106JG,eventservices
1106JG,financialservices
1106JG,food
1106JG,health
1106JG,homeservices
1106JG,hotelstravel
1106JG,localflavor
1106JG,localservices
1106JG,massmedia
1106JG,nightlife
1106JG,pets
1106JG,professional
1106JG,publicservicesgovt
1106JG,religiousorgs
1106JG,restaurants
1106JG,shopping
1073GP,active
1073GP,arts
1073GP,auto
1073GP,beautysvc
1073GP,bicycles
1073GP,education
1073GP,eventservices
1073GP,financialservices
1073GP,food
1073GP,health
1073GP,homeservices
1073GP,hotelstravel
1073GP,localflavor
1073GP,localservices
1073GP,massmedia
1073GP,nightlife
1073GP,pets
1073GP,professional
1073GP,publicservicesgovt
1073GP,religiousorgs
1073GP,restaurants
1073GP,shopping
1055DW,active
1055DW,arts
1055DW,auto
1055DW,beautysvc
1055DW,bicycles
1055DW,education
1055DW,eventservices
1055DW,financialservices
1055DW,food
1055DW,health
1055DW,homeservices
1055DW,hotelstravel
1055DW,localflavor
1055DW,localservices
1055DW,massmedia
1055DW,nightlife
1055DW,pets
1055DW,professional
1055DW,publicservicesgovt
1055DW,religiousorgs
1055DW,restaurants
1055DW,shopping
1072GZ,active
1072GZ,arts
1072GZ,auto
1072GZ,beautysvc
1072GZ,bicycles
1072GZ,education
1072GZ,eventservices
1072GZ,financialservices
1072GZ,food
1072GZ,health
1072GZ,homeservices
1072GZ,hotelstravel
1072GZ,localflavor
1072GZ,localservices
1072GZ,massmedia
1072GZ,nightlife
1072GZ,pets
1072GZ,professional
1072GZ,publicservicesgovt
1072GZ,religiousorgs
1072GZ,restaurants
1072GZ,shopping
1075TL,active
1075TL,arts
1075TL,auto
1075TL,beautysvc
1075TL,bicycles
1075TL,education
1075TL,eventservices
1075TL,financialservices
1075TL,food
1075TL,health
1075TL,homeservices
1075TL,hotelstravel
1075TL,localflavor
1075TL,localservices
1075TL,massmedia
1075TL,nightlife
1075TL,pets
1075TL,professional
1075TL,publicservicesgovt
1075TL,religiousorgs
1075TL,restaurants
1075TL,shopping
1024KM,active
1024KM,arts
1024KM,auto
1024KM,beautysvc
1024KM,bicycles
1024KM,education
1024KM,eventservices
1024KM,financialservices
1024KM,food
1024KM,health
1024KM,homeservices
1024KM,hotelstravel
1024KM,localflavor
1024KM,localservices
1024KM,massmedia
1024KM,nightlife
1024KM,pets
1024KM,professional
1024KM,publicservicesgovt
1024KM,religiousorgs
1024KM,restaurants
1024KM,shopping
1012TA,active
1012TA,arts
1012TA,auto
1012TA,beautysvc
1012TA,bicycles
1012TA,education
1012TA,eventservices
1012TA,financialservices
1012TA,food
1012TA,health
1012TA,homeservices
1012TA,hotelstravel
1012TA,localflavor
1012TA,localservices
1012TA,massmedia
1012TA,nightlife
1012TA,pets
1012TA,professional
1012TA,publicservicesgovt
1012TA,religiousorgs
1012TA,restaurants
1012TA,shopping
1107HV,active
1107HV,arts
1107HV,auto
1107HV,beautysvc
1107HV,bicycles
1107HV,education
1107HV,eventservices
1107HV,financialservices
1107HV,food
1107HV,health
1107HV,homeservices
1107HV,hotelstravel
1107HV,localflavor
1107HV,localservices
1107HV,massmedia
1107HV,nightlife
1107HV,pets
1107HV,professional
1107HV,publicservicesgovt
1107HV,religiousorgs
1107HV,restaurants
1107HV,shopping
1087HJ,active
1087HJ,arts
1087HJ,auto
1087HJ,beautysvc
1087HJ,bicycles
1087HJ,education
1087HJ,eventservices
1087HJ,financialservices
1087HJ,food
1087HJ,health
1087HJ,homeservices
1087HJ,hotelstravel
1087HJ,localflavor
1087HJ,localservices
1087HJ,massmedia
1087HJ,nightlife
1087HJ,pets
1087HJ,professional
1087HJ,publicservicesgovt
1087HJ,religiousorgs
1087HJ,restaurants
1087HJ,shopping
1104TX,active
1104TX,arts
1104TX,auto
1104TX,beautysvc
1104TX,bicycles
1104TX,education
1104TX,eventservices
1104TX,financialservices
1104TX,food
1104TX,health
1104TX,homeservices
1104TX,hotelstravel
1104TX,localflavor
1104TX,localservices
1104TX,massmedia
1104TX,nightlife
1104TX,pets
1104TX,professional
1104TX,publicservicesgovt
1104TX,religiousorgs
1104TX,restaurants
1104TX,shopping
1057PX,active
1057PX,arts
1057PX,auto
1057PX,beautysvc
1057PX,bicycles
1057PX,education
1057PX,eventservices
1057PX,financialservices
1057PX,food
1057PX,health
1057PX,homeservices
1057PX,hotelstravel
1057PX,localflavor
1057PX,localservices
1057PX,massmedia
1057PX,nightlife
1057PX,pets
1057PX,professional
1057PX,publicservicesgovt
1057PX,religiousorgs
1057PX,restaurants
1057PX,shopping
